id,code,name,parent_id/id,type,
0,0,CLASIFICADOR PRESUPUESTARIO 2013,,view,
1,1,INGRESOS CORRIENTES,0,view,
11,11,IMPUESTOS,1,view,
1101,1101,SOBRE LA RENTA,11,view,
110101,110101,A LA RENTA GLOBAL,1101,budget,
110102,110102,A LA VENTA DE PREDIOS URBANOS,1101,budget,
110103,110103,A LA VENTA DE PREDIOS RURALES,1101,budget,
110104,110104,A LOS JUEGOS DE AZAR,1101,budget,
110199,110199,A OTRAS RENTAS,1101,budget,
1102,1102,SOBRE LA PROPIEDAD,11,view,
110201,110201,A LOS PREDIOS URBANOS,1102,budget,
110202,110202,A LOS PREDIOS RUSTICOS,1102,budget,
110203,110203,A LA INSCRIPCION EN EL  REGISTRO DE LA PROPIEDAD O EN EL REGISTRO,1102,budget,
110204,110204,A LAS TRANSMISIONES DE DOMINIO,1102,budget,
110205,110205,A LOS VEHICULOS MOTORIZADOS DE TRANSPORTE TERRESTRE,1102,budget,
110206,110206,DE ALCABALAS,1102,budget,
110207,110207,A LOS ACTIVOS TOTALES,1102,budget,
110208,110208,DE VEHICULOS MOTORIZADOS DE TRANSPORTE AEREO Y ACUATICO,1102,budget,
110210,110210,A LA PROPIEDAD DE INMUEBLE URBANO PARA VIVIENDA DE INTERES SOCIAL,1102,budget,
110299,110299,OTROS INGRESOS DE LA PROPIEDAD,1102,budget,
1103,1103,AL CONSUMO DE BIENES Y SERVICIOS,11,view,
110301,110301,AL CONSUMO DE CIGARRILLOS,1103,budget,
110302,110302,AL CONSUMO DE CERVEZA,1103,budget,
110303,110303,AL CONSUMO DE BEBIDAS GASEOSAS,1103,budget,
110304,110304,AL CONSUMO DE ALCOHOL Y PRODUCTOS ALCOHOLICOS,1103,budget,
110305,110305,AL CONSUMO DE BIENES SUNTUARIOS,1103,budget,
110311,110311,A LAS TELECOMUNICACIONES,1103,budget,
110312,110312,A LOS ESPECTACULOS PUBLICOS,1103,budget,
110399,110399,OTROS IMPUESTOS AL CONSUMO DE BIENES Y SERVICIOS,1103,budget,
1104,1104,AL VALOR AGREGADO NETO,11,view,
110401,110401,DEBITOS DEL PERIODO,1104,budget,
110402,110402,CREDITOS DEL PERIODO (-),1104,budget,
1105,1105,SOBRE EL COMERCIO INTERNACIONAL,11,view,
110501,110501,ARANCELARIOS A LA IMPORTACION,1105,budget,
110503,110503,TARIFA DE SALVAGUARDIA,1105,budget,
110599,110599,OTROS IMPUESTOS AL COMERCIO EXTERIOR,1105,budget,
1106,1106,A LA ACTIVIDAD HIDROCARBURIFERA,11,view,
110601,110601,A LA RENTA DE EMPRESAS PETROLERAS,1106,budget,
110602,110602,A LA RENTA DE EMPRESAS PETROLERAS DE PRESTACION DE SERVICIOS,1106,budget,
110603,110603,A LA RENTA DE EMPRESAS PETROLERAS DE CONTRATOS DE SERVICIOS,1106,budget,
110604,110604,A LA RENTA POR VENTAS INTERNAS DE DERIVADOS DEL PETROLEO,1106,budget,
110605,110605,ADICIONAL POR BARRIL DE CRUDO EXPORTADO,1106,budget,
110606,110606,GRAVAMEN A LA TARIFA DE OLEODUCTO,1106,budget,
110699,110699,OTROS IMPUESTOS A LA ACTIVIDAD HIDROCARBURIFERA,1106,budget,
1107,1107,IMPUESTOS DIVERSOS,11,view,
110701,110701,A LOS CUENTA CORRENTISTAS DEL SISTEMA FINANCIERO,1107,budget,
110702,110702,A LAS TARJETAS DE CREDITO,1107,budget,
110703,110703,A LAS OPERACIONES DE CREDITO,1107,budget,
110704,110704,PATENTES COMERCIALES INDUSTRIALES Y DE SERVICIOS IMPUESTOS DIVERSOS,1107,budget,
110705,110705,A LA SALIDA DEL PAIS,1107,budget,
110706,110706,SOBRE CONTRATOS DE CONSTRUCCION Y/O ESTUDIOS CELEBRADOS CON,1107,budget,
110707,110707,POR FISCALIZACION CONTRATISTAS,1107,budget,
110708,110708,AL DESPOSTE DE GANADO,1107,budget,
110709,110709,SOBRE REAJUSTE DE PRECIOS EN LA CONTRATACION PUBLICA,1107,budget,
110710,110710,DE LOTERIAS Y JUEGOS DE AZAR,1107,budget,
110712,110712,INGRESO AL PARQUE NACIONAL GALAPAGOS Y A SU RESERVA,1107,budget,
110799,110799,OTROS IMPUESTOS,1107,budget,
1108,1108,IMPUESTO PROVISIONAL NETO,11,view,
110801,110801,COBROS PROVISIONALES DEL AÑO,1108,budget,
110802,110802,CREDITOS DECLARACION ANUAL (-),1108,budget,
110803,110803,DEVOLUCIONES DE EXCESOS DE COBROS (-),1108,budget,
12,12,SEGURIDAD SOCIAL,1,view,
1201,1201,APORTES PARA SEGURIDAD SOCIAL,12,view,
120101,120101,APORTES PARA SEGURIDAD SOCIAL,1201,budget,
120102,120102,FONDO DE RESERVA,1201,budget,
120103,120103,APORTES DE CESANTIA,1201,budget,
120104,120104,APORTES RIESGOS DE TRABAJO,1201,budget,
120105,120105,APORTES COOPERATIVA MORTUARIA,1201,budget,
120106,120106,SUBSIDIO POR ENFERMEDAD,1201,budget,
120107,120107,APORTES AL SEGURO SOCIAL CAMPESINO,1201,budget,
120108,120108,APORTES ATRASADOS,1201,budget,
13,13,TASAS Y CONTRIBUCIONES,1,view,
1301,1301,TASAS GENERALES,13,view,
130101,130101,PEAJE,1301,budget,
130102,130102,ACCESO A LUGARES PUBLICOS,1301,budget,
130103,130103,OCUPACION DE LUGARES PUBLICOS,1301,budget,
130104,130104,TASAS ADUANERAS,1301,budget,
130105,130105,USO DE INFRAESTRUCTURA AEROPORTUARIA,1301,budget,
130106,130106,ESPECIES FISCALES,1301,budget,
130107,130107,VENTA DE BASES,1301,budget,
130108,130108,PRESTACION DE SERVICIOS,1301,budget,
130109,130109,RODAJE DE VEHICULOS MOTORIZADOS,1301,budget,
130110,130110,CONTROL Y VIGILANCIA MUNICIPAL,1301,budget,
130111,130111,INSCRIPCIONES REGISTROS Y MATRICULAS,1301,budget,
130112,130112,PERMISOS LICENCIAS Y PATENTES,1301,budget,
130113,130113,REGISTRO SANITARIO Y TOXICOLOGIA,1301,budget,
130114,130114,SERVICIOS DE CAMALES,1301,budget,
130115,130115,FISCALIZACION DE OBRAS,1301,budget,
130116,130116,RECOLECCION DE BASURA,1301,budget,
130199,130199,OTRAS TASAS,1301,budget,
130199,130199,OTRAS TASAS (GESTION AMBIENTAL),1301,budget,
1302,1302,TASAS PORTUARIAS Y AEREOPORTUARIAS,13,view,
130201,130201,RECEPCION Y DESPACHO DE NAVES,1302,budget,
130202,130202,USO DE FONDEADERO,1302,budget,
130203,130203,USO DE INFRAESTRUCTURA PORTUARIA,1302,budget,
130204,130204,SERVICIOS DE CABOTAJE,1302,budget,
130205,130205,TARIFAS POR SERVICIOS Y SUMINISTROS VARIOS,1302,budget,
130299,130299,OTRAS TASAS PORTUARIAS,1302,budget,
1303,1303,TASAS DIVERSAS,13,view,
130301,130301,SECTOR FINANCIERO,1303,budget,
130302,130302,SECTOR INDUSTRIAL Y COMERCIAL,1303,budget,
130303,130303,SECTOR AGROPECUARIO,1303,budget,
130304,130304,SECTOR TURISTICO Y HOTELERO,1303,budget,
130305,130305,SUPERFICIARIOS HIDROCARBURIFEROS,1303,budget,
130307,130307,SUPERFICIARIOS MINEROS,1303,budget,
130308,130308,REGALIAS MINERAS,1303,budget,
130309,130309,DERECHOS CONSULARES,1303,budget,
130310,130310,CONCESIONES AEREAS,1303,budget,
130311,130311,CONCESIONES PORTUARIAS,1303,budget,
130312,130312,CONCESIONES EN EL SECTOR DE LAS TELECOMUNICACIONES,1303,budget,
130313,130313,CONCESIONES EN EL SECTOR ELECTRICO,1303,budget,
130314,130314,CONCESIONES VIALES,1303,budget,
130315,130315,CONCESIONES HIDROCARBURIFERAS,1303,budget,
130399,130399,OTRAS CONCESIONES,1303,budget,
1304,1304,CONTRIBUCIONES,13,view,
130401,130401,SOBRE NOMINAS DE EMPRESAS PRIVADAS Y PUBLICAS,1304,budget,
130402,130402,POR MEJORAS URBANAS Y RURALES,1304,budget,
130403,130403,CONTRIBUCIONES A LAS COMPAÑIAS Y LAS ENTIDADES FINANCIERAS,1304,budget,
130404,130404,CONTRIBUCION EN CONTRATOS SUJETOS A LICITACIONES,1304,budget,
130405,130405,SOBRE CONTRATOS DE CONSULTORIA,1304,budget,
130499,130499,OTRAS CONTRIBUCIONES,1304,budget,
14,14,VENTA DE BIENES Y SERVICIOS,1,view,
1401,1401,VENTA DE DERIVADOS DE PETROLEO,14,view,
140106,140106,EXPORTACIONES DE DERIVADOS DEL PETROLEO,1401,budget,
140107,140107,VENTAS INTERNAS DE DERIVADOS DEL PETROLEO,1401,budget,
140108,140108,TARIFA DE TRANSPORTE DE PETROLEO POR EL SOTE,1401,budget,
140110,140110,FONDO DE INVERSION PETROLERA,1401,budget,
140113,140113,FONDO DE ESTABILIZACION PETROLERA,1401,budget,
140199,140199,OTROS NO ESPECIFICADOS,1401,budget,
1402,1402,VENTAS DE PRODUCTOS Y MATERIALES,14,view,
140201,140201,AGROPECUARIOS Y FORESTALES,1402,budget,
140202,140202,INDUSTRIALES,1402,budget,
140203,140203,DEL MAR,1402,budget,
140204,140204,DE OFICINA,1402,budget,budget
140205,140205,DE INSUMOS MEDICOS,1402,budget,
140299,140299,OTRAS VENTAS DE PRODUCTOS Y MATERIALES,1402,budget,
1403,1403,VENTAS NO INDUSTRIALES,14,view,
140301,140301,AGUA POTABLE,1403,budget,
140302,140302,AGUA DE RIEGO,1403,budget,
140303,140303,ALCANTARILLADO,1403,budget,
140304,140304,ENERGIA ELECTRICA,1403,budget,
140305,140305,TELECOMUNICACIONES,1403,budget,
140306,140306,DE CORREOS,1403,budget,
140307,140307,TRANSPORTE NACIONAL DE PASAJEROS Y CARGA,1403,budget,
140308,140308,TRANSPORTE INTERNACIONAL DE PASAJEROS Y CARGA,1403,budget,
140309,140309,OPERACIONES INTERLINEALES,1403,budget,
140310,140310,DE ESPECTACULOS PUBLICOS,1403,budget,
140311,140311,FINANCIEROS,1403,budget,
140312,140312,TARJETAS VIP,1403,budget,
140399,140399,OTROS SERVICIOS TECNICOS Y ESPECIALIZADOS,1403,budget,
1404,1404,VENTAS DE DESECHOS Y RESIDUOS,14,view,
140401,140401,AGROPECUARIOS Y FORESTALES,1404,budget,
140402,140402,INDUSTRIALES,1404,budget,
140403,140403,DE PRODUCTOS DEL MAR,1404,budget,
1409,1409,DEBITOS POR IMPUESTOS AL VALOR AGREGADO,14,view,
140901,140901,DEBITO FISCAL POR VENTAS,1409,budget,
15,15,APORTE FISCAL CORRIENTE,1,view,
1501,1501,APORTE FISCAL CORRIENTE,15,view,
150101,150101,DEL GOBIERNO CENTRAL,1501,budget,
17,17,RENTAS DE INVERSIONES Y MULTAS,1,view,
1701,1701,RENTAS DE INVERSIONES,17,view,
170101,170101,INTERESES POR DEPOSITOS A PLAZO,1701,budget,
170102,170102,INTERESES Y COMISIONES DE TITULOS Y VALORES,1701,budget,
170103,170103,INTERESES Y COMISIONES DE RIESGO,1701,budget,
170104,170104,REAJUSTES DE INVERSIONES,1701,budget,
170105,170105,DIFERENCIAL CAMBIARIO,1701,budget,
170106,170106,DIVIDENDOS DE SOCIEDADES Y EMPRESAS PUBLICAS,1701,budget,
170107,170107,DIVIDENDOS DE SOCIEDADES Y EMPRESAS PRIVADAS,1701,budget,
170108,170108,UTILIDADES DE EMPRESAS Y ENTIDADES FINANCIERAS PUBLICAS,1701,budget,
170109,170109,COMISIONES POR SERVICIOS FINANCIEROS,1701,budget,
170110,170110,CARGOS POR OPERACIONES FINANCIERAS,1701,budget,
170111,170111,PRIMAS POR SEGUROS DE DESGRAVAMEN Y DE SALDOS,1701,budget,
170112,170112,DESCUENTOS OBTENIDOS EN INVERSIONES FINANCIERAS,1701,budget,
170199,170199,INTERESES POR OTRAS OPERACIONES,1701,budget,
1702,1702,RENTAS POR ARRENDAMIENTOS DE BIENES,17,view,
170201,170201,TERRENOS,1702,budget,
170202,170202,EDIFICIOS,1702,budget,
170203,170203,MOBILIARIOS,1702,budget,
170204,170204,MAQUINARIAS Y EQUIPOS,1702,budget,
170205,170205,VEHICULOS,1702,budget,
170206,170206,HERRAMIENTAS,1702,budget,
170207,170207,EQUIPOS,1702,budget,
170212,170212,SEMOVIENTES,1702,budget,
170299,170299,OTROS ARRENDAMIENTOS,1702,budget,
1703,1703,INTERESES POR MORA,17,view,
170301,170301,TRIBUTARIA,1703,budget,
170302,170302,ORDENANZAS MUNICIPALES,1703,budget,
170303,170303,ORDENANZAS PROVINCIALES,1703,budget,
170305,170305,OBLIGACIONES A LA SEGURIDAD SOCIAL,1703,budget,
170306,170306,TRANSACCIONES COMERCIALES,1703,budget,
170399,170399,OTROS INTERESES POR MORA,1703,budget,
1704,1704,MULTAS,17,view,
170401,170401,TRIBUTARIAS,1704,budget,
170402,170402,INFRACCION A ORDENANZAS MUNICIPALES,1704,budget,
170403,170403,INFRACCION A ORDENANZAS PROVINCIALES,1704,budget,
170404,170404,INCUMPLIMIENTOS DE CONTRATOS,1704,budget,
170405,170405,INFRACCIONES A LA SEGURIDAD SOCIAL,1704,budget,
170406,170406,CHEQUES PROTESTADOS,1704,budget,
170407,170407,INFRACCIONES A LA LEY ORGANICA DE DEFENSA DEL CONSUMIDOR,1704,budget,
170499,170499,OTRAS MULTAS,1704,budget,
18,18,TRANSFERENCIAS Y DONACIONES CORRIENTES,1,view,
1801,1801,TRANSFERENCIAS CORRIENTES DEL SECTOR PUBLICO,18,view,
180101,180101,GOBIERNO CENTRAL,1801,budget,
180102,180102,ENTIDADES DESCENTRALIZADAS Y AUTONOMAS,1801,budget,
180103,180103,EMPRESAS PUBLICAS,1801,budget,
180104,180104,ENTIDADES DEL GOBIERNO SECCIONAL,1801,budget,
180105,180105,SEGURIDAD SOCIAL,1801,budget,
180106,180106,ENTIDADES FINANCIERAS PUBLICAS,1801,budget,
180108,180108,DE CUENTAS O FONDOS ESPECIALES,1801,budget,
180109,180109,DE FONDOS DE USO RESERVADO,1801,budget,
180110,180110,DE FONDOS DE CONTINGENCIA,1801,budget,
1802,1802,DONACIONES CORRIENTES DEL SECTOR PRIVADO INTERNO,18,view,
180203,180203,DEL SECTOR PRIVADO FINANCIERO,1802,budget,
180204,180204,DEL SECTOR PRIVADO NO FINANCIERO,1802,budget,
1803,1803,DONACIONES CORRIENTES DEL SECTOR EXTERNO,18,view,
180301,180301,DE ORGANISMOS MULTILATERALES,1803,budget,
180302,180302,DE GOBIERNOS Y ORGANISMOS GUBERNAMENTALES,1803,budget,
180303,180303,DEL SECTOR PRIVADO FINANCIERO,1803,budget,
180304,180304,DEL SECTOR PRIVADO NO FINANCIERO,1803,budget,
1804,1804,APORTES Y PARTICIPACIONES DEL SECTOR PUBLICO,18,view,
180401,180401,DE LA ACTIVIDAD HIDROCARBURIFERA,1804,view,
180402,180402,DE IMPUESTOS Y EXPORTACIONES DE CRUDO PARA UNIVERSIDADES Y ESCUEL,1804,budget,
180403,180403,DE EMPRESAS PUBLICAS,1804,budget,
180404,180404,DE LA PARTICIPACION EN IMPUESTOS NO PETROLEROS,1804,budget,
180405,180405,DE PLANILLAS DE TELECOMUNICACIONES,1804,budget,
180407,180407,DE FONDOS AJENOS,1804,budget,
180408,180408,DE CUENTAS Y FONDOS ESPECIALES,1804,budget,
180411,180411,RENDIMIENTOS DE LOS SISTEMAS CONTABLES DEL BANCO CENTRAL DEL ECUA,1804,budget,
180414,180414,APORTES SOBRE DEPOSITOS DE INSTITUCIONES FINANCIERAS,1804,budget,
180415,180415,DEPOSITOS INMOVILIZADOS EN LAS INSTITUCIONES FINANCIERAS,1804,budget,
180499,180499,OTRAS PARTICIPACIONES Y APORTES,1804,budget,
1805,1805,SUBSIDIOS,18,view,
180501,180501,DE PRECIOS DEL SECTOR PUBLICO,1805,budget,
180503,180503,DE TARIFAS DEL SECTOR PUBLICO,1805,budget,
19,19,OTROS INGRESOS,1,view,
1901,1901,GARANTIAS Y FIANZAS,19,view,
190101,190101,EJECUCION DE GARANTIAS,1901,budget,
190102,190102,EJECUCION DE FIANZAS,1901,budget,
1902,1902,INDEMNIZACIONES Y VALORES NO RECLAMADOS,19,view,
190201,190201,INDEMNIZACIONES POR SINIESTROS,1902,budget,
190202,190202,PREMIOS NO RECLAMADOS DE SORTEOS,1902,budget,
190299,190299,OTRAS INDEMNIZACIONES Y VALORES NO RECLAMADOS,1902,budget,
1903,1903,REMATES DE BIENES Y ESPECIES,19,view,
190301,190301,BIENES Y ESPECIES INSTITUCIONALES Y DECOMISADAS,1903,budget,
1904,1904,OTROS NO OPERACIONALES,19,view,
190401,190401,COMISIONES,1904,budget,
190403,190403,PRIMA DE RIESGO DE INSTITUCIONES FINANCIERAS,1904,budget,
190499,190499,OTROS NO ESPECIFICADOS,1904,budget,
2,2,INGRESOS DE CAPITAL,0,view,
24,24,VENTA DE ACTIVOS NO FINANCIEROS,2,view,
2401,2401,BIENES MUEBLES,24,view,
240103,240103,MOBILIARIOS,2401,budget,
240104,240104,MAQUINARIAS Y EQUIPOS,2401,budget,
240105,240105,VEHICULOS,2401,budget,
240106,240106,HERRAMIENTAS,2401,budget,
240107,240107,EQUIPOS,2401,budget,
240108,240108,BIENES ARTISTICOS Y CULTURALES,2401,budget,
240109,240109,LIBROS Y COLECCIONES,2401,budget,
2402,2402,BIENES INMUEBLES Y SEMOVIENTES,24,view,
240201,240201,TERRENOS,2402,budget,
240202,240202,EDIFICIOS,2402,budget,
240212,240212,SEMOVIENTES,2402,budget,
240213,240213,BOSQUES,2402,budget,
240299,240299,OTROS BIENES INMUEBLES,2402,budget,
2404,2404,INTANGIBLES,24,view,
240401,240401,INTANGIBLES,2404,budget,
2405,2405,EXPORTACIONES DE PETROLEO CRUDO,24,view,
240501,240501,EXPORTACIONES DE PETROLEO DE PETROECUADOR EX-CONSORCIO,2405,budget,
240502,240502,EXPORTACIONES DE PETROLEO DE NORORIENTE,2405,budget,
240503,240503,EXPORTACIONES DE PETROLEO DE PRESTACION DE SERVICIOS,2405,budget,
240504,240504,EXPORTACIONES DE PETROLEO DE REGALIAS,2405,budget,
240506,240506,EXPORTACIONES DE PETROLEO DE CONTRATOS DE PARTICIPACION,2405,budget,
240507,240507,EXPORTACIONES DE PETROLEO DE CONTRATOS DE CAMPOS MARGINALES,2405,budget,
240508,240508,EXPORTACIONES DE PETROLEO DE ALIANZAS OPERATIVAS,2405,budget,
240509,240509,EXPORTACIONES DE PETROLEO POR DIFERENCIAL DE CALIDAD,2405,budget,
240510,240510,EXPORTACIONES DE PETROLEOS PESADOS,2405,budget,
240511,240511,EXPORTACIONES DE PETROLEO DE CONTRATOS DE SERVICIOS ESPECIFICOS,2405,budget,
240599,240599,OTROS NO ESPECIFICADOS,2405,budget,
25,25,APORTE FISCAL DE CAPITAL,2,view,
2501,2501,APORTE FISCAL DE CAPITAL,25,view,
250101,250101,DEL GOBIERNO CENTRAL,2501,budget,
27,27,RECUPERACION DE INVERSIONES,2,view,
2701,2701,RECUPERACION DE INVERSIONES EN TITULOS Y VALORES,27,view,
270101,270101,CERTIFICADOS DEL TESORO NACIONAL,2701,budget,
270102,270102,BONOS DEL ESTADO,2701,budget,
270103,270103,DEPOSITOS A PLAZO,2701,budget,
270104,270104,VENTA DE ACCIONES Y PARTICIPACIONES DE CAPITAL,2701,budget,
270107,270107,RECUPERACION EN PARTICIPACIONES FIDUCIARIAS,2701,budget,
270199,270199,OTRAS INVERSIONES,2701,budget,
2702,2702,RECUPERACION DE PRESTAMOS,27,view,
270201,270201,GOBIERNO CENTRAL,2702,budget,
270202,270202,ENTIDADES DESCENTRALIZADAS Y AUTONOMAS,2702,budget,
270203,270203,EMPRESAS PUBLICAS,2702,budget,
270204,270204,ENTIDADES DEL GOBIERNO SECCIONAL,2702,budget,
270205,270205,SEGURIDAD SOCIAL,2702,budget,
270206,270206,ENTIDADES FINANCIERAS PUBLICAS,2702,budget,
270207,270207,SECTOR PRIVADO,2702,budget,
2703,2703,RECUPERACION DE INVERSIONES PERMANENTES EN TITULOS Y VALORES,27,view,
270304,270304,VENTA DE ACCIONES,2703,budget,
28,28,TRANSFERENCIAS Y DONACIONES DE CAPITAL,2,view,
2801,2801,TRANSFERENCIAS DE CAPITAL DEL SECTOR PUBLICO,28,view,
280101,280101,DEL GOBIERNO CENTRAL (COOTAD),2801,budget,
280101,280101,DEL GOBIERNO CENTRAL (BEDE FONDEPRO 2009),2801,budget,
280101,280101,DEL GOBIERNO CENTRAL (RELIQUIDACION ASIGNACION 2009),2801,budget,
280101,280101,DEL GOBIERNO CENTRAL (TRANSFERENCIA DE COMPETENCIAS DE RIGO),2801,budget,
280101,280101,DEL GOBIERNO CENTRAL,2801,budget,
280101,280101,DEL GOBIERNO CENTRAL (BEDE FONDEPRO 2009),2801,budget,
280101,280101,DEL GOBIERNO CENTRAL (EMERGENCIA VIAL),2801,budget,
280101,280101,DEL GOBIERNO CENTRAL (TRANSFERENCIA DE COMPETENCIAS DE RIEGO ADM,2801,budget,
280102,280102,DE ENTIDADES DESCENTRALIZADAS Y AUTONOMAS (MUNICIPIOS),2801,budget,
280102,280102,DE ENTIDADES DESCENTRALIZADAS Y AUTONOMAS (JUNTAS PARROQUIALES),2801,budget,
280102,280102,DE ENTIDADES DESCENTRALIZADAS Y AUTONOMAS,2801,budget,
280102,280102,DE ENTIDADES DESCENTRALIZADAS Y AUTONOMAS (GOB PROVINCIALES),2801,budget,
280102,280102,DE ENTIDADES DESCENTRALIZADAS Y AUTONOMAS (APORTES JP A UNA VIA),2801,budget,
280103,280103,DE EMPRESAS PUBLICAS (CELEC PROYECTOS VIALES),2801,budget,
280103,280103,DE EMPRESAS PUBLICAS (CELEC PARA PROYECTOS DE GESTION AMBIENTAL),2801,budget,
280103,280103,DE EMPRESAS PUBLICAS,2801,budget,
280104,280104,DE ENTIDADES DEL GOBIERNO AUTONOMO DESCENTRALIZADO,2801,budget,
280105,280105,DE LA SEGURIDAD SOCIAL,2801,budget,
280106,280106,DE ENTIDADES FINANCIERAS PUBLICAS,2801,budget,
280106,280106,DE ENTIDADES FINANCIERAS PUBLICAS (BEDE SEC DE RIESGOS),2801,budget,
280106,280106,DE ENTIDADES FINANCIERAS PUBLICAS (CONVENIOS VARIOS),2801,budget,
280108,280108,DE CUENTAS O FONDOS ESPECIALES (OTROS),2801,budget,
280108,280108,DE CUENTAS O FONDOS ESPECIALES (CGPAUTE),2801,budget,
280108,280108,DE CUENTAS O FONDOS ESPECIALES (PROFORESTAL),2801,budget,
280108,280108,DE CUENTAS O FONDOS ESPECIALES (VARIOS),2801,budget,
280108,280108,DE CUENTAS O FONDOS ESPECIALES,2801,budget,
280110,280110,DE FONDOS DE CONTINGENCIA,2801,budget,
2802,2802,DONACIONES DE CAPITAL DEL SECTOR PRIVADO INTERNO,28,view,
280203,280203,DEL SECTOR PRIVADO FINANCIERO,2802,budget,
280204,280204,DEL SECTOR PRIVADO NO FINANCIERO,2802,budget,
280204,280204,DEL SECTOR PRIVADO NO FINANCIERO (BELLARICA),2802,budget,
280204,280204,DEL SECTOR PRIVADO NO FINANCIERO (UNIFEM),2802,budget,
280204,280204,DEL SECTOR PRIVADO NO FINANCIERO (APORTES A UNA VIA),2802,budget,
2803,2803,DONACIONES DE CAPITAL DEL SECTOR EXTERNO,28,view,
280301,280301,DE ORGANISMOS MULTILATERALES (CAF),2803,budget,
280301,280301,DE ORGANISMOS MULTILATERALES (CAF ESTUDIOS),2803,budget,
280301,280301,DE ORGANISMOS MULTILATERALES (ARPENUD),2803,budget,
280301,280301,DE ORGANISMOS MULTILATERALES (BID),2803,budget,
280301,280301,DE ORGANISMOS MULTILATERALES,2803,budget,
280302,280302,DE GOBIERNOS Y ORGANISMOS GUBERNAMENTALES,2803,budget,
280303,280303,DEL SECTOR PRIVADO FINANCIERO,2803,budget,
280304,280304,DEL SECTOR PRIVADO NO FINANCIERO,2803,budget,
2804,2804,APORTES Y PARTICIPACIONES DEL SECTOR PUBLICO,28,view,
280401,280401,DEL FONDO DE INVERSION PETROLERA,2804,budget,
280402,280402,DE EXPORTACION DE HIDROCARBUROS Y DERIVADOS,2804,budget,
280408,280408,DE CUENTAS Y FONDOS ESPECIALES,2804,budget,
280499,280499,OTRAS PARTICIPACIONES Y APORTES,2804,budget,
3,3,INGRESOS DE FINANCIAMIENTO,0,view,
36,36,FINANCIAMIENTO PUBLICO,3,view,
3601,3601,COLOCACION DE TITULOS Y VALORES,36,view,
360101,360101,CERTIFICADOS DEL TESORO NACIONAL,3601,budget,
360102,360102,BONOS DEL ESTADO,3601,budget,
360199,360199,OTROS TITULOS Y VALORES,3601,budget,
3602,3602,FINANCIAMIENTO PUBLICO INTERNO,36,view,
360201,360201,DEL SECTOR PUBLICO FINANCIERO,3602,budget,
360201,360201,DEL SECTOR PUBLICO FINANCIERO (BEDE SEC DE RIESGOS),3602,budget,
360201,360201,DEL SECTOR PUBLICO FINANCIERO (BEDE),3602,budget,
360202,360202,DEL SECTOR PUBLICO NO FINANCIERO,3602,budget,
360203,360203,DEL SECTOR PRIVADO FINANCIERO,3602,budget,
360203,360203,DEL SECTOR PRIVADO FINANCIERO (LINEA DE CREDITO),3602,budget,
360204,360204,DEL SECTOR PRIVADO NO FINANCIERO,3602,budget,
360205,360205,DE LA SEGURIDAD SOCIAL,3602,budget,
3603,3603,FINANCIAMIENTO PUBLICO EXTERNO,36,view,
360301,360301,DE ORGANISMOS MULTILATERALES,3603,budget,
360302,360302,DE GOBIERNOS Y ORGANISMOS GUBERNAMENTALES,3603,budget,
360303,360303,DEL SECTOR PRIVADO FINANCIERO,3603,budget,
360304,360304,DEL SECTOR PRIVADO NO FINANCIERO,3603,budget,
3604,3604,PRIMAS Y DESCUENTOS EN TITULOS Y VALORES,36,view,
360401,360401,PRIMAS Y DESCUENTOS EN CERTIFICADOS DE TESORERIA,3604,budget,
360402,360402,PRIMAS Y DESCUENTOS EN BONOS DEL ESTADO,3604,budget,
3605,3605,SALDOS PENDIENTES POR COBRAR,36,view,
360501,360501,DE CUENTAS POR COBRAR,3605,budget,
360502,360502,DE ANTICIPOS DE FONDOS,3605,budget,
37,37,FINANCIAMIENTO INTERNO,3,view,
3701,3701,SALDOS EN CAJA Y BANCOS,37,view,
370101,370101,DE FONDOS GOBIERNO CENTRAL,3701,budget,
370102,370102,DE FONDOS DE AUTOGESTION,3701,budget,
370199,370199,OTROS SALDOS,3701,budget,
38,38,CUENTAS PENDIENTES POR COBRAR,3,view,
3801,3801,CUENTAS PENDIENTES POR COBRAR,38,view,
380101,380101,DE CUENTAS POR COBRAR,3801,budget,
380102,380102,DE ANTICIPO DE FONDOS,3801,budget,
380103,380103,ANTICIPOS POR DEVENGAR DE EJERCICIOS ANTERIORES CONSTRUCCION OBRA,3801,budget,
380105,380105,ANTICIPOS POR DEVENGAR DE EJERCICIOS ANTERIORES COMPRA DE B S,3801,budget,
5,5,GASTOS CORRIENTES,0,view,
51,51,GASTOS EN PERSONAL,5,view,
5101,5101,REMUNERACIONES BASICAS,51,view,
510101,510101,SUELDOS,5101,budget,
510102,510102,SALARIOS,5101,budget,
510103,510103,JORNALES,5101,budget,
510105,510105,REMUNERACIONES UNIFICADAS,5101,budget,
510106,510106,SALARIOS UNIFICADOS,5101,budget,
5102,5102,REMUNERACIONES COMPLEMENTARIAS,51,view,
510201,510201,BONIFICACION POR AÑOS DE SERVICIO,5102,budget,
510202,510202,BONIFICACION POR RESPONSABILIDAD,5102,budget,
510203,510203,DECIMOTERCER SUELDO,5102,budget,
510204,510204,DECIMOCUARTO SUELDO,5102,budget,
510205,510205,DECIMOQUINTO SUELDO,5102,budget,
510206,510206,DECIMOSEXTO SUELDO,5102,budget,
510207,510207,BONIFICACION COMPLEMENTARIA,5102,budget,
510208,510208,BONIFICACION TITULO ACADEMICO,5102,budget,
510209,510209,GASTOS DE REPRESENTACION,5102,budget,
510210,510210,SOBRESUELDOS Y BONIFICACIONES ADICIONALES,5102,budget,
510211,510211,ESTIMULO PECUNIARIO,5102,budget,
510212,510212,BONIFICACION DE ANIVERSARIO,5102,budget,
510213,510213,AGUINALDO NAVIDEÑO,5102,budget,
510214,510214,PORCENTAJE FUNCIONAL,5102,budget,
510215,510215,ADICIONAL SOBRE LA DECIMA CATEGORIA,5102,budget,
510216,510216,ESTIMULO ECONOMICO MAGISTERIO,5102,budget,
510218,510218,BONIFICACION MENSUAL GALAPAGOS,5102,budget,
510219,510219,ADICIONAL REGIMEN ESPECIAL GALAPAGOS,5102,budget,
510220,510220,BONIFICACION FRONTERIZA,5102,budget,
510223,510223,BONIFICACION POR EL DIA DEL MEDICO,5102,budget,
510224,510224,BONIFICACION POR EL DIA MUNDIAL DE LA SALUD,5102,budget,
510225,510225,BONIFICACION PARA LOS PROFESIONALES DE LA SALUD,5102,budget,
510227,510227,ADICIONAL REGION AMAZONICA,5102,budget,
510228,510228,REMUNERACION SUPLEMENTARIA GALAPAGOS,5102,budget,
510229,510229,ACTIVIDAD EXTRACURRICULAR GALAPAGOS,5102,budget,
510230,510230,BONIFICACION POR EL DIA DEL MAESTRO,5102,budget,
510231,510231,BONIFICACION POR EL DIA DEL SERVIDOR PUBLICO,5102,budget,
510232,510232,BONIFICACION PARA EDUCADORES COMUNITARIOS,5102,budget,
510233,510233,BONIFICACION PARA PROFESIONALES AMPARADOS O NO POR LEYES DE ESCAL,5102,budget,
510235,510235,REMUNERACION VARIABLE POR EFICIENCIA,5102,budget,
5103,5103,REMUNERACIONES COMPENSATORIAS,51,view,
510301,510301,GASTOS DE RESIDENCIA,5103,budget,
510302,510302,SUBSIDIO POR CIRCUNSTANCIAS GEOGRAFICAS,5103,budget,
510303,510303,COMPENSACION POR COSTO DE VIDA,5103,budget,
510304,510304,COMPENSACION POR TRANSPORTE,5103,budget,
510305,510305,COMPENSACION EN EL EXTERIOR,5103,budget,
510306,510306,REFRIGERIO,5103,budget,
510307,510307,COMISARIATO,5103,budget,
510308,510308,COMPENSACION PEDAGOGICA,5103,budget,
510309,510309,COMPENSACION POR TRABAJO DE ALTO RIESGO,5103,budget,
510310,510310,SUBSIDIO PROFESORES ESCUELAS REGIONES AMAZONICAS E INSULAR,5103,budget,
5104,5104,SUBSIDIOS,51,view,
510401,510401,POR CARGAS FAMILIARES,5104,budget,
510402,510402,DE EDUCACION,5104,budget,
510405,510405,POR GUARDERIA,5104,budget,
510406,510406,POR VACACIONES,5104,budget,
510407,510407,ESTIMULO ECONOMICO POR AÑOS DE SERVICIO,5104,budget,
510408,510408,SUBSIDIO DE ANTIGUEDAD,5104,budget,
510499,510499,OTROS SUBSIDIOS,5104,budget,
5105,5105,REMUNERACIONES TEMPORALES,51,view,
510501,510501,SUELDOS,5105,budget,
510503,510503,JORNALES,5105,budget,
510504,510504,ENCARGOS Y SUBROGACIONES,5105,budget,
510505,510505,SUSTITUCIONES DE PERSONAL,5105,budget,
510506,510506,LICENCIA REMUNERADA,5105,budget,
510507,510507,HONORARIOS,5105,budget,
510508,510508,DIETAS,5105,budget,
510509,510509,HORAS EXTRAORDINARIAS Y SUPLEMENTARIAS,5105,budget,
510510,510510,SERVICIOS PERSONALES POR CONTRATO,5105,budget,
510511,510511,REMUNERACIONES ESPECIALES SECCION NOCTURNA,5105,budget,
510512,510512,SUBROGACION,5105,budget,
510513,510513,ENCARGOS,5105,budget,
5106,5106,APORTES PATRONALES A LA SEGURIDAD SOCIAL,51,view,
510601,510601,APORTE PATRONAL,5106,budget,
510602,510602,FONDO DE RESERVA,5106,budget,
510603,510603,JUBILACION PATRONAL,5106,budget,
510604,510604,CESANTIA PRIVADA,5106,budget,
510605,510605,JUBILACION PRIVADA,5106,budget,
5107,5107,INDEMNIZACIONES,51,view,
510701,510701,COMPENSACION POR RENUNCIA VOLUNTARIA,5107,budget,
510702,510702,SUPRESION DE PUESTO,5107,budget,
510703,510703,DESPIDO INTEMPESTIVO,5107,budget,
510704,510704,COMPENSACION POR DESAHUCIO,5107,budget,
510705,510705,RESTITUCION DE PUESTO,5107,budget,
510706,510706,POR JUBILACION,5107,budget,
510707,510707,COMPENSACION POR VACACIONES NO GOZADAS POR CESACION DE FUNCIONES,5107,budget,
510710,510710,POR COMPRA DE RENUNCIA,5107,budget,
510799,510799,OTRA INDEMNIZACIONES LABORALES,5107,budget,
5199,5199,ASIGNACIONES A DISTRIBUIR,51,view,
519901,519901,ASIGNACION A DISTRIBUIR EN GASTOS EN PERSONAL,5199,budget,
52,52,PRESTACIONES DE LA SEGURIDAD SOCIAL,5,view,
5201,5201,PRESTACIONES,52,view,
520101,520101,PENSIONES,5201,budget,
520102,520102,SEGURO SOCIAL CAMPESINO,5201,budget,
520103,520103,SEGURO DE ENFERMEDAD Y MATERNIDAD,5201,budget,
520104,520104,SEGURO Y COOPERATIVA MORTUORIA,5201,budget,
520105,520105,SEGURO DE CESANTIA,5201,budget,
520106,520106,SEGURO DE VIDA Y RIESGOS PROFESIONALES,5201,budget,
520107,520107,FONDO DE VIVIENDA,5201,budget,
520108,520108,FONDO DE CONTINGENCIAS,5201,budget,
520109,520109,FONDO DE RESERVA,5201,budget,
520111,520111,PENSIONES DE JUBILACION PATRONAL,5201,budget,
520199,520199,OTROS GASTOS,5201,budget,
5299,5299,ASIGNACIONES A DISTRIBUIR,52,view,
529901,529901,ASIGNACION A DISTRIBUIR PARA PRESTACIONES DE LA SEGURIDAD SOCIAL,5299,budget,
53,53,BIENES Y SERVICIOS DE CONSUMO,5,view,
5301,5301,SERVICIOS BASICOS,53,view,
530101,530101,AGUA POTABLE,5301,budget,
530102,530102,AGUA DE RIEGO,5301,budget,
530104,530104,ENERGIA ELECTRICA,5301,budget,
530105,530105,TELECOMUNICACIONES,5301,budget,
530106,530106,SERVICIO DE CORREO,5301,budget,
5302,5302,SERVICIOS GENERALES,53,view,
530201,530201,TRANSPORTE DE PERSONAL,5302,budget,
530202,530202,FLETES Y MANIOBRAS,5302,budget,
530203,530203,ALMACENAMIENTO,5302,budget,
530204,530204,EDICION,5302,budget,
530205,530205,ESPECTACULOS CULTURALES Y SOCIALES,5302,budget,
530206,530206,EVENTOS PUBLICOS Y OFICIALES,5302,budget,
530207,530207,DIFUSION,5302,budget,
530208,530208,SERVICIO DE VIGILANCIA,5302,budget,
530209,530209,SERVICIO DE ASEO,5302,budget,
530210,530210,SERVICIO DE GUARDERIA,5302,budget,
530299,530299,OTROS SERVICIOS GENERALES,5302,budget,
5303,5303,TRASLADOS,53,view,
530301,530301,PASAJES AL INTERIOR,5303,budget,
530302,530302,PASAJES AL EXTERIOR,5303,budget,
530303,530303,VIATICOS Y SUBSISTENCIAS EN EL INTERIOR,5303,budget,
530304,530304,VIATICOS Y SUBSISTENCIAS EN EL EXTERIOR,5303,budget,
530305,530305,MUDANZAS E INSTALACION,5303,budget,
5304,5304,INSTALACION,53,view,
530401,530401,TERRENOS,5304,budget,
530402,530402,EDIFICIOS,5304,budget,
530403,530403,MOBILIARIOS,5304,budget,
530404,530404,MAQUINARIAS Y EQUIPOS,5304,budget,
530405,530405,VEHICULOS,5304,budget,
530406,530406,HERRAMIENTAS,5304,budget,
530408,530408,BIENES ARTISTICOS Y CULTURALES,5304,budget,
530409,530409,LIBROS Y COLECCIONES,5304,budget,
530410,530410,BIENES DE USO BELICO Y DE SEGURIDAD PUBLICA,5304,budget,
530499,530499,OTRAS INSTALACIONES,5304,budget,
5305,5305,ARRENDAMIENTOS DE BIENES,53,view,
530501,530501,TERRENOS,5305,budget,
530502,530502,EDIFICIOS,5305,budget,
530503,530503,MOBILIARIOS,5305,budget,
530504,530504,MAQUINARIAS Y EQUIPOS,5305,budget,
530505,530505,VEHICULOS,5305,budget,
530506,530506,HERRAMIENTAS,5305,budget,
530512,530512,SEMOVIENTES,5305,budget,
530599,530599,OTROS ARRENDAMIENTOS,5305,budget,
5306,5306,CONTRATACIONES DE ESTUDIOS E INVESTIGACIONES,53,view,
530601,530601,CONSULTORIA,5306,budget,
530602,530602,SERVICIO DE AUDITORIA,5306,budget,
530603,530603,SERVICIO DE CAPACITACION,5306,budget,
530604,530604,FISCALIZACION E INSPECCIONES TECNICAS,5306,budget,
530605,530605,ESTUDIO Y DISEÑO DE PROYECTOS,5306,budget,
530606,530606,HONORARIOS POR CONTRATOS CIVILES DE SERVICIOS,5306,budget,
5307,5307,GASTOS EN INFORMATICA,53,view,
530701,530701,DESARROLLO DE SISTEMAS INFORMATICOS,5307,budget,
530702,530702,ARRENDAMIENTO Y LICENCIAS DE USO DE PAQUETES INFORMATICOS,5307,budget,
530703,530703,ARRENDAMIENTO DE EQUIPOS INFORMATICOS,5307,budget,
530704,530704,MANTENIMIENTO Y REPARACION DE EQUIPOS Y SISTEMAS INFORMATICOS,5307,budget,
5308,5308,BIENES DE USO Y CONSUMO CORRIENTE,53,view,
530801,530801,ALIMENTOS Y BEBIDAS,5308,budget,
530802,530802,VESTUARIO,5308,budget,
530803,530803,COMBUSTIBLES Y LUBRICANTES,5308,budget,
530804,530804,MATERIALES DE OFICINA,5308,budget,
530805,530805,MATERIALES DE ASEO,5308,budget,
530806,530806,HERRAMIENTAS,5308,budget,
530807,530807,MATERIALES DE IMPRESION,5308,budget,
530808,530808,INSTRUMENTAL MEDICO MENOR,5308,budget,
530809,530809,MEDICINAS Y PRODUCTOS FARMACEUTICOS,5308,budget,
530810,530810,MATERIALES PARA LABORATORIO Y USO MEDICO,5308,budget,
530811,530811,MATERIALES DE CONSTRUCCION,5308,budget,
530812,530812,MATERIALES DIDACTICOS,5308,budget,
530813,530813,REPUESTOS Y ACCESORIOS,5308,budget,
530814,530814,SUMINISTROS PARA ACTIVIDADES AGROPECUARIAS,5308,budget,
530899,530899,OTROS DE USO Y CONSUMO,5308,budget,
5309,5309,CREDITO POR IMPUESTO AL VALOR AGREGADO,53,view,
530901,530901,CREDITO FISCAL POR COMPRAS,5309,budget,
5310,5310,PERTRECHOS PARA LA DEFENSA Y SEGURIDAD PUBLICA,53,view,
531001,531001,LOGISTICA,5310,budget,
531002,531002,SUMINISTROS PARA LA DEFENSA Y SEGURIDAD PUBLICA,5310,budget,
5314,5314,BIENES MUEBLES NO DEPRECIABLES,53,view,
531403,531403,MOBILIARIOS,5314,budget,
531404,531404,MAQUINARIAS Y EQUIPOS,5314,budget,
5399,5399,ASIGNACIONES A DISTRIBUIR,53,view,
539901,539901,ASIGNACION A DISTRIBUIR PARA BIENES Y SERVICIOS DE CONSUMO,5399,budget,
55,55,APORTE FISCAL CORRIENTE,5,view,
5501,5501,APORTE FISCAL CORRIENTE,55,view,
550101,550101,AL GOBIERNO CENTRAL,5501,budget,
56,56,GASTOS FINANCIEROS,5,view,
5601,5601,TITULOS Y VALORES EN CIRCULACION,56,view,
560101,560101,INTERESES EN CERTIFICADOS DEL TESORO,5601,budget,
560102,560102,INTERESES POR BONOS DEL ESTADO,5601,budget,
560106,560106,DESCUENTOS,5601,budget,
560199,560199,INTERESES OTROS TITULOS Y VALORES,5601,budget,
5602,5602,INTERESES DE LA DEUDA PUBLICA INTERNA,56,view,
560201,560201,SECTOR PUBLICO FINANCIERO,5602,budget,
560202,560202,SECTOR PUBLICO NO FINANCIERO,5602,budget,
560203,560203,SECTOR PRIVADO FINANCIERO,5602,budget,
560204,560204,SECTOR PRIVADO NO FINANCIERO,5602,budget,
560205,560205,SEGURIDAD SOCIAL,5602,budget,
560206,560206,COMISIONES Y OTROS CARGOS,5602,budget,
5603,5603,INTERESES DE LA DEUDA PUBLICA EXTERNA,56,view,
560301,560301,A ORGANISMOS MULTILATERALES,5603,budget,
560302,560302,A GOBIERNOS Y ORGANISMOS GUBERNAMENTALES,5603,budget,
560303,560303,AL SECTOR PRIVADO FINANCIERO,5603,budget,
560304,560304,AL SECTOR PRIVADO NO FINANCIERO,5603,budget,
560306,560306,COMISIONES Y OTROS CARGOS,5603,budget,
5699,5699,ASIGNACIONES A DISTRIBUIR,56,view,
569901,569901,ASIGNACION A DISTRIBUIR PARA GASTOS FINANCIEROS,5699,budget,
57,57,OTROS GASTOS,5,view,
5701,5701,11,57,view,
570101,570101,IMPUESTO AL VALOR AGREGADO,5701,budget,
570102,570102,TASAS GENERALES,5701,budget,
570103,570103,TASAS PORTUARIAS,5701,budget,
570104,570104,CONTRIBUCIONES ESPECIALES Y DE MEJORA,5701,budget,
570199,570199,OTROS IMPUESTOS,5701,budget,
5702,5702,SEGUROS,57,view,
570201,570201,SEGUROS,5702,budget,
570202,570202,SEGUROS DE DESGRAVAMEN Y DE SALDOS,5702,budget,
570203,570203,COMISIONES BANCARIAS,5702,budget,
570204,570204,REAJUSTES DE INVERSIONES,5702,budget,
570205,570205,DIFERENCIAL CAMBIARIO,5702,budget,
570206,570206,COSTAS JUDICIALES,5702,budget,
570207,570207,COMISIONES Y PARTICIPACIONES POR DENUNCIAS,5702,budget,
570211,570211,PRIMA DE RIESGO DE INSTITUCIONES FINANCIERAS,5702,budget,
570213,570213,DEVOLUCION DE GARANTIAS,5702,budget,
570214,570214,DEVOLUCION DE FIANZAS,5702,budget,
570299,570299,OTROS GASTOS FINANCIEROS,5702,budget,
5703,5703,DIETAS,57,view,
570301,570301,DIETAS,5703,budget,
5799,5799,ASIGNACIONES A DISTRIBUIR,57,view,
579901,579901,ASIGNACION A DISTRIBUIR PARA OTROS GASTOS CORRIENTES,5799,budget,
58,58,TRANSFERENCIAS CORRIENTES,5,view,
5801,5801,TRANSFERENCIAS CORRIENTES AL SECTOR PUBLICO,58,view,
580101,580101,AL GOBIERNO CENTRAL,5801,budget,
580102,580102,A ENTIDADES DESCENTRALIZADAS Y AUTONOMAS,5801,budget,
580103,580103,A EMPRESAS PUBLICAS,5801,budget,
580104,580104,A ENTIDADES DEL GOBIERNO SECCIONAL,5801,budget,
580105,580105,A LA SEGURIDAD SOCIAL,5801,budget,
580106,580106,A ENTIDADES FINANCIERAS PUBLICAS,5801,budget,
580108,580108,A CUENTAS O FONDOS ESPECIALES,5801,budget,
580109,580109,A FONDOS DE USO RESERVADO,5801,budget,
580110,580110,A FONDO DE CONTINGENCIAS,5801,budget,
5802,5802,TRANSFERENCIAS CORRIENTES AL SECTOR PRIVADO INTERNO,58,view,
580203,580203,AL SECTOR PRIVADO FINANCIERO,5802,budget,
580204,580204,AL SECTOR PRIVADO NO FINANCIERO,5802,budget,
580205,580205,INDEMNIZACIONES POR AFECTACIONES A LOS DERECHOS HUMANOS,5802,budget,
580206,580206,APORTE A FAVOR DE LOS ALUMNOS MAESTROS DE LOS INSTITUTOS PEDAGOGI,5802,budget,
5803,5803,TRANSFERENCIAS CORRIENTES AL SECTOR EXTERNO,58,view,
580301,580301,A ORGANISMOS MULTILATERALES,5803,budget,
580302,580302,A GOBIERNOS Y ORGANISMOS GUBERNAMENTALES,5803,budget,
580303,580303,AL SECTOR PRIVADO FINANCIERO,5803,budget,
580304,580304,AL SECTOR PRIVADO NO FINANCIERO,5803,budget,
5804,5804,APORTES Y PARTICIPACIONES AL SECTOR PUBLICO,58,view,
580401,580401,POR EXPORTACION DE HIDROCARBUROS Y DERIVADOS,5804,budget,
580402,580402,POR IMPUESTOS Y EXPORTACIONES DE CRUDO PARA UNIVERSIDADES Y ESCUE,5804,budget,
580403,580403,PARA EMPRESAS PUBLICAS,5804,budget,
580404,580404,POR PLANILLAS DE TELECOMUNICACIONES,5804,budget,
580405,580405,PARA FINANCIAMIENTO DE LA ADMINISTRACION DE LA SEGURIDAD SOCIAL,5804,budget,
580407,580407,POR APLICACION DE FONDOS AJENOS,5804,budget,
580408,580408,POR APLICACION DE CUENTAS Y FONDOS ESPECIALES,5804,budget,
580411,580411,RENDIMIENTOS DE LOS SISTEMAS CONTABLES DEL BANCO CENTRAL DEL ECUA,5804,budget,
580414,580414,APORTES SOBRE DEPOSITOS DE INSTITUCIONES FINANCIERAS,5804,budget,
580415,580415,ENTREGA DE DEPOSITOS INMOVILIZADOS,5804,budget,
580499,580499,OTRAS PARTICIPACIONES,5804,budget,
5805,5805,SUBSIDIOS,58,view,
580501,580501,DE PRECIOS A ENTES PUBLICOS,5805,budget,
580502,580502,DE PRECIOS A ENTES PRIVADOS,5805,budget,
580503,580503,DE TARIFAS A ENTES PUBLICOS,5805,budget,
580504,580504,DE TARIFAS A ENTES PRIVADOS,5805,budget,
580505,580505,SUBSIDIO A LA VIVIENDA,5805,budget,
580506,580506,BONO DE SOLIDARIDAD,5805,budget,
580599,580599,OTROS SUBSIDIOS,5805,budget,
5899,5899,ASIGNACIONES A DISTRIBUIR,58,view,
59,59,PREVISIONES PARA REASIGNACION,5,view,
5901,5901,ASIGNACIONES A DISTRIBUIR,59,view,
6,6,GASTOS DE PRODUCCION,0,view,
61,61,GASTOS EN PERSONAL DE PRODUCCION,6,view,
6101,6101,REMUNERACIONES BASICAS,61,view,
610101,610101,SUELDOS,6101,budget,
610102,610102,SALARIOS,6101,budget,
610103,610103,JORNALES,6101,budget,
610105,610105,REMUNERACIONES UNIFICADAS,6101,budget,
610106,610106,SALARIOS UNIFICADOS,6101,budget,
6102,6102,REMUNERACIONES COMPLEMENTARIAS,61,view,
610201,610201,BONIFICACION POR AÑOS DE SERVICIO,6102,budget,
610202,610202,BONIFICACION POR RESPONSABILIDAD,6102,budget,
610203,610203,DECIMOTERCER SUELDO,6102,budget,
610204,610204,DECIMOCUARTO SUELDO,6102,budget,
610205,610205,DECIMOQUINTO SUELDO,6102,budget,
610206,610206,DECIMOSEXTO SUELDO,6102,budget,
610207,610207,BONIFICACION COMPLEMENTARIA,6102,budget,
610208,610208,BONIFICACION TITULO ACADEMICO,6102,budget,
610209,610209,GASTOS DE REPRESENTACION,6102,budget,
610210,610210,SOBRESUELDOS Y BONIFICACIONES ADICIONALES,6102,budget,
610211,610211,ESTIMULO PECUNIARIO,6102,budget,
610212,610212,BONIFICACION DE ANIVERSARIO,6102,budget,
610213,610213,AGUINALDO NAVIDEÑO,6102,budget,
610217,610217,BONIFICACION POR MILLAJE,6102,budget,
610218,610218,BONIFICACION MENSUAL GALAPAGOS,6102,budget,
610219,610219,ADICIONAL REGIMEN ESPECIAL GALAPAGOS,6102,budget,
610220,610220,BONIFICACION FRONTERIZA,6102,budget,
610223,610223,BONIFICACION POR EL DIA DEL MEDICO,6102,budget,
610224,610224,BONIFICACION POR EL DIA MUNDIAL DE LA SALUD,6102,budget,
610225,610225,BONIFICACION PARA LOS PROFESIONALES DE LA SALUD,6102,budget,
610227,610227,ADICIONAL REGION AMAZONICA,6102,budget,
610228,610228,REMUNERACION SUPLEMENTARIA GALAPAGOS,6102,budget,
610229,610229,ACTIVIDAD EXTRACURRICULAR GALAPAGOS,6102,budget,
610230,610230,BONIFICACION POR EL DIA DEL MAESTRO,6102,budget,
610231,610231,BONIFICACION POR EL DIA DEL SERVIDOR PUBLICO,6102,budget,
610232,610232,BONIFICACION PARA EDUCADORES COMUNITARIOS,6102,budget,
610233,610233,BONIFICACION PARA PROFESIONALES AMPARADOS O NO POR LEYES DE ESCAL,6102,budget,
6103,6103,REMUNERACIONES COMPENSATORIAS,61,view,
610301,610301,GASTOS DE RESIDENCIA,6103,budget,
610302,610302,SUBSIDIO POR CIRCUNSTANCIAS GEOGRAFICAS,6103,budget,
610303,610303,COMPENSACION POR COSTO DE VIDA,6103,budget,
610304,610304,COMPENSACION POR TRANSPORTE,6103,budget,
610305,610305,COMPENSACION EN EL EXTERIOR,6103,budget,
610306,610306,REFRIGERIO,6103,budget,
610307,610307,COMISARIATO,6103,budget,
610309,610309,COMPENSACION POR TRABAJO DE ALTO RIESGO,6103,budget,
6104,6104,SUBSIDIOS,61,view,
610401,610401,POR CARGAS FAMILIARES,6104,budget,
610402,610402,DE EDUCACION,6104,budget,
610403,610403,POR MATERNIDAD,6104,budget,
610404,610404,POR FALLECIMIENTO,6104,budget,
610405,610405,POR GUARDERIA,6104,budget,
610406,610406,POR VACACIONES,6104,budget,
610407,610407,ESTIMULO ECONOMICO POR AÑOS DE SERVICIO,6104,budget,
610499,610499,OTROS SUBSIDIOS,6104,budget,
6105,6105,REMUNERACIONES TEMPORALES,61,view,
610501,610501,SUELDOS,6105,budget,
610503,610503,JORNALES,6105,budget,
610504,610504,ENCARGOS Y SUBROGACIONES,6105,budget,
610506,610506,LICENCIA REMUNERADA,6105,budget,
610507,610507,HONORARIOS,6105,budget,
610508,610508,DIETAS,6105,budget,
610509,610509,HORAS EXTRAORDINARIAS Y SUPLEMENTARIAS,6105,budget,
610510,610510,SERVICIOS PERSONALES POR CONTRATO,6105,budget,
6106,6106,APORTES PATRONALES A LA SEGURIDAD SOCIAL,61,view,
610601,610601,APORTE PATRONAL,6106,budget,
610602,610602,FONDO DE RESERVA,6106,budget,
610603,610603,JUBILACION PATRONAL,6106,budget,
610604,610604,CESANTIA PRIVADA,6106,budget,
610605,610605,JUBILACION PRIVADA,6106,budget,
6107,6107,INDEMNIZACIONES,61,view,
610701,610701,COMPENSACION POR RENUNCIA VOLUNTARIA,6107,budget,
610702,610702,SUPRESION DE PUESTO,6107,budget,
610703,610703,DESPIDO INTEMPESTIVO,6107,budget,
610704,610704,COMPENSACION POR DESAHUCIO,6107,budget,
610705,610705,RESTITUCION DE PUESTO,6107,budget,
610706,610706,POR JUBILACION,6107,budget,
610799,610799,OTRAS INDEMNIZACIONES LABORALES,6107,budget,
6199,6199,ASIGNACIONES A DISTRIBUIR,61,view,
619901,619901,ASIGNACION A DISTRIBUIR PARA OTROS GASTOS CORRIENTES,6199,budget,
63,63,BIENES Y SERVICIOS DE PRODUCCION,6,view,
6301,6301,SERVICIOS BASICOS,63,view,
630101,630101,AGUA POTABLE,6301,budget,
630102,630102,AGUA DE RIEGO,6301,budget,
630104,630104,ENERGIA ELECTRICA,6301,budget,
630105,630105,TELECOMUNICACIONES,6301,budget,
630106,630106,SERVICIO DE CORREO,6301,budget,
6302,6302,SERVICIOS GENERALES,63,view,
630201,630201,TRANSPORTE DE PERSONAL,6302,budget,
630202,630202,FLETES Y MANIOBRAS,6302,budget,
630203,630203,ALMACENAMIENTO,6302,budget,
630204,630204,EDICION REPRODUCCION Y PUBLICACIONES,6302,normal,
630207,630207,DIFUSION,6302,budget,
630208,630208,SERVICIO DE VIGILANCIA,6302,budget,
630209,630209,SERVICIO DE ASEO,6302,budget,
630210,630210,SERVICIO DE GUARDERIA,6302,budget,
630212,630212,INVESTIGACIONES PROFESIONALES Y EXAMENES DE LABORATORIO,6302,budget,
630299,630299,OTROS SERVICIOS,6302,budget,
6303,6303,TRASLADOS VIATICOS Y SUBSISTENCIAS,63,budget,
630301,630301,PASAJES AL INTERIOR,6303,budget,
630302,630302,PASAJES AL EXTERIOR,6303,budget,
630303,630303,VIATICOS Y SUBSISTENCIAS EN EL INTERIOR,6303,budget,
630304,630304,VIATICOS Y SUBSISTENCIAS EN EL EXTERIOR,6303,budget,
630305,630305,MUDANZAS E INSTALACION,6303,budget,
6304,6304,INSTALACION,63,budget,
630401,630401,TERRENOS,6304,budget,
630402,630402,EDIFICIOS,6304,budget,
630403,630403,MOBILIARIOS,6304,budget,
630404,630404,MAQUINARIAS Y EQUIPOS,6304,budget,
630405,630405,VEHICULOS,6304,budget,
630406,630406,HERRAMIENTAS,6304,budget,
630499,630499,OTRAS INSTALACIONES,6304,budget,
6305,6305,ARRENDAMIENTOS DE BIENES,63,view,
630501,630501,TERRENOS,6305,budget,
630502,630502,EDIFICIOS,6305,budget,
630503,630503,MOBILIARIOS,6305,budget,
630504,630504,MAQUINARIAS Y EQUIPOS,6305,budget,
630505,630505,VEHICULOS,6305,budget,
630506,630506,HERRAMIENTAS,6305,budget,
630512,630512,SEMOVIENTES,6305,budget,
630599,630599,OTROS ARRENDAMIENTOS,6305,budget,
6306,6306,CONTRATACIONES DE ESTUDIOS E INVESTIGACIONES,63,view,
630601,630601,CONSULTORIA,6306,budget,
630602,630602,SERVICIO DE AUDITORIA,6306,budget,
630603,630603,SERVICIO DE CAPACITACION,6306,budget,
630604,630604,FISCALIZACION E INSPECCIONES TECNICAS,6306,budget,
630605,630605,ESTUDIO Y DISEÑO DE PROYECTOS,6306,budget,
6307,6307,GASTOS EN INFORMATICA,63,view,
630701,630701,DESARROLLO DE SISTEMAS INFORMATICOS,6307,budget,
630702,630702,ARRENDAMIENTO Y LICENCIAS DE USO DE PAQUETES INFORMATICOS,6307,budget,
630703,630703,ARRENDAMIENTO DE EQUIPOS INFORMATICOS,6307,budget,
630704,630704,MANTENIMIENTO Y REPARACION DE EQUIPOS Y SISTEMAS INFORMATICOS,6307,budget,
6308,6308,BIENES DE USO Y CONSUMO DE PRODUCCION,63,view,
630801,630801,ALIMENTOS Y BEBIDAS,6308,budget,
630802,630802,VESTUARIO,6308,budget,
630803,630803,COMBUSTIBLES Y LUBRICANTES,6308,budget,
630804,630804,MATERIALES DE OFICINA,6308,budget,
630805,630805,MATERIALES DE ASEO,6308,budget,
630806,630806,HERRAMIENTAS,6308,budget,
630807,630807,MATERIALES DE IMPRESION REPRODUCCION Y PUBLICACIONES,6308,budget,
630808,630808,INSTRUMENTAL MEDICO MENOR,6308,budget,
630809,630809,MEDICINAS Y PRODUCTOS FARMACEUTICOS,6308,budget,
630810,630810,MATERIALES PARA LABORATORIO Y USO MEDICO,6308,budget,
630811,630811,MATERIALES DE CONSTRUCCION PLOMERIA Y CARPINTERIA,6308,budget,
630812,630812,MATERIALES DIDACTICOS,6308,budget,
630813,630813,REPUESTOS Y ACCESORIOS,6308,budget,
630899,630899,OTROS DE USO Y CONSUMO DE PRODUCCION,6308,budget,
6309,6309,CREDITOS POR IMPUESTO AL VALOR AGREGADO,63,view,
630901,630901,CREDITO FISCAL POR COMPRAS,6309,budget,
6310,6310,ADQUISICIONES DE MATERIAS PRIMAS,63,view,
631001,631001,AGROPECUARIOS,6310,budget,
631002,631002,QUIMICOS E INDUSTRIALES,6310,budget,
631003,631003,MINEROS,6310,budget,
631099,631099,OTRAS MATERIAS PRIMAS,6310,budget,
6311,6311,ADQUISICIONES DE PRODUCTOS SEMIELABORADOS,63,view,
631101,631101,AGROPECUARIOS,6311,budget,
631102,631102,QUIMICOS E INDUSTRIALES,6311,budget,
631199,631199,OTROS PRODUCTOS SEMIELABORADOS,6311,budget,
6312,6312,ADQUISICIONES DE PRODUCTOS TERMINADOS,63,view,
631201,631201,AGROPECUARIOS,6312,budget,
631202,631202,QUIMICOS E INDUSTRIALES,6312,budget,
631299,631299,OTROS PRODUCTOS TERMINADOS,6312,budget,
6399,6399,ASIGNACIONES A DISTRIBUIR,63,view,
639901,639901,ASIGNACION A DISTRIBUIR PARA BIENES Y SERVICIOS DE PRODUCCION,6399,budget,
67,67,OTROS GASTOS DE PRODUCCION,6,view,
6701,6701,11,67,view,
670101,670101,IMPUESTO AL VALOR AGREGADO,6701,budget,
670102,670102,TASAS GENERALES,6701,budget,
670103,670103,TASAS PORTUARIAS,6701,budget,
670104,670104,CONTRIBUCIONES ESPECIALES Y DE MEJORA,6701,budget,
670199,670199,OTROS IMPUESTOS,6701,budget,
6702,6702,SEGUROS,67,view,
670201,670201,SEGUROS,6702,budget,
670299,670299,OTROS GASTOS FINANCIEROS,6702,budget,
6799,6799,ASIGNACIONES A DISTRIBUIR,67,view,
679901,679901,ASIGNACION A DISTRIBUIR PARA OTROS GASTOS DE PRODUCCION,6799,budget,
7,7,GASTOS DE INVERSION,0,view,
71,71,GASTOS EN PERSONAL PARA INVERSION,7,view,
7101,7101,REMUNERACIONES BASICAS,71,view,
710101,710101,SUELDOS,7101,budget,
710102,710102,SALARIOS,7101,budget,
710103,710103,JORNALES,7101,budget,
710105,710105,REMUNERACIONES UNIFICADAS,7101,budget,
710106,710106,SALARIOS UNIFICADOS,7101,budget,
7102,7102,REMUNERACIONES COMPLEMENTARIAS,71,view,
710201,710201,BONIFICACION POR AÑOS DE SERVICIO,7102,budget,
710202,710202,BONIFICACION POR RESPONSABILIDAD,7102,budget,
710203,710203,DECIMOTERCER SUELDO,7102,budget,
710204,710204,DECIMOCUARTO SUELDO,7102,budget,
710205,710205,DECIMOQUINTO SUELDO,7102,budget,
710206,710206,DECIMOSEXTO SUELDO,7102,budget,
710207,710207,BONIFICACION COMPLEMENTARIA,7102,budget,
710208,710208,BONIFICACION TITULO ACADEMICO,7102,budget,
710209,710209,GASTOS DE REPRESENTACION,7102,budget,
710210,710210,SOBRESUELDOS Y BONIFICACIONES ADICIONALES,7102,budget,
710211,710211,ESTIMULO PECUNIARIO,7102,budget,
710212,710212,BONIFICACION DE ANIVERSARIO,7102,budget,
710213,710213,AGUINALDO NAVIDEÑO,7102,budget,
710218,710218,BONIFICACION MENSUAL GALAPAGOS,7102,budget,
710219,710219,ADICIONAL REGIMEN ESPECIAL GALAPAGOS,7102,budget,
710220,710220,BONIFICACION FRONTERIZA,7102,budget,
710223,710223,BONIFICACION POR EL DIA DEL MEDICO,7102,budget,
710224,710224,BONIFICACION POR EL DIA MUNDIAL DE LA SALUD,7102,budget,
710225,710225,BONIFICACION PARA LOS PROFESIONALES DE LA SALUD,7102,budget,
710226,710226,BONIFICACION ECONOMICA ANUAL (PERSONAL ADMINISTRATIVO),7102,budget,
710227,710227,ADICIONAL REGION AMAZONICA,7102,budget,
710228,710228,REMUNERACION SUPLEMENTARIA GALAPAGOS,7102,budget,
710229,710229,ACTIVIDAD EXTRACURRICULAR GALAPAGOS,7102,budget,
710230,710230,BONIFICACION POR EL DIA DEL MAESTRO,7102,budget,
710231,710231,BONIFICACION POR EL DIA DEL SERVIDOR PUBLICO,7102,budget,
710232,710232,BONIFICACION PARA EDUCADORES COMUNITARIOS,7102,budget,
710233,710233,BONIFICACION PARA PROFESIONALES AMPARADOS O NO POR LEYES DE ESCAL,7102,budget,
710235,710235,REMUNERACION VARIABLE POR EFICIENCIA,7102,budget,
7103,7103,REMUNERACIONES COMPENSATORIAS,71,view,
710301,710301,GASTOS DE RESIDENCIA,7103,budget,
710302,710302,SUBSIDIO POR CIRCUNSTANCIAS GEOGRAFICAS,7103,budget,
710303,710303,COMPENSACION POR COSTO DE VIDA,7103,budget,
710304,710304,COMPENSACION POR TRANSPORTE,7103,budget,
710305,710305,COMPENSACION EN EL EXTERIOR,7103,budget,
710306,710306,REFRIGERIO,7103,budget,
710307,710307,COMISARIATO,7103,budget,
710308,710308,COMPENSACION PEDAGOGICA,7103,budget,
710309,710309,COMPENSACION POR TRABAJO DE ALTO RIESGO,7103,budget,
710310,710310,SUBSIDIO PROFESORES ESCUELAS REGIONES AMAZONICAS E INSULAR,7103,budget,
7104,7104,SUBSIDIOS,71,view,
710401,710401,POR CARGAS FAMILIARES,7104,budget,
710402,710402,DE EDUCACION,7104,budget,
710403,710403,POR MATERNIDAD,7104,budget,
710404,710404,POR FALLECIMIENTO,7104,budget,
710405,710405,POR GUARDERIA,7104,budget,
710406,710406,POR VACACIONES,7104,budget,
710407,710407,ESTIMULO ECONOMICO POR AÑOS DE SERVICIO,7104,budget,
710408,710408,SUBSIDIO DE ANTIGUEDAD,7104,budget,
710499,710499,OTROS SUBSIDIOS,7104,budget,
7105,7105,REMUNERACIONES TEMPORALES,71,view,
710501,710501,SUELDOS,7105,budget,
710503,710503,JORNALES,7105,budget,
710504,710504,ENCARGOS Y SUBROGACIONES,7105,budget,
710505,710505,SUSTITUCIONES DE PERSONAL,7105,budget,
710506,710506,LICENCIA REMUNERADA,7105,budget,
710507,710507,HONORARIOS,7105,budget,
710508,710508,DIETAS,7105,budget,
710509,710509,HORAS EXTRAORDINARIAS Y SUPLEMENTARIAS,7105,budget,
710510,710510,SERVICIOS PERSONALES POR CONTRATO,7105,budget,
710511,710511,REMUNERACIONES ESPECIALES SECCION NOCTURNA,7105,budget,
710512,710512,SUBROGACION,7105,budget,
710513,710513,ENCARGOS,7105,budget,
7106,7106,APORTES PATRONALES A LA SEGURIDAD SOCIAL,71,view,
710601,710601,APORTE PATRONAL,7106,budget,
710602,710602,FONDO DE RESERVA,7106,budget,
710603,710603,JUBILACION PATRONAL,7106,budget,
710604,710604,CESANTIA PRIVADA,7106,budget,
710605,710605,JUBILACION PRIVADA,7106,budget,
7107,7107,INDEMNIZACIONES,71,view,
710701,710701,COMPENSACION POR RENUNCIA VOLUNTARIA,7107,budget,
710702,710702,SUPRESION DE PUESTO,7107,budget,
710703,710703,DESPIDO INTEMPESTIVO,7107,budget,
710704,710704,COMPENSACION POR DESAHUCIO,7107,budget,
710705,710705,RESTITUCION DE PUESTO,7107,budget,
710706,710706,POR JUBILACION,7107,budget,
710707,710707,COMPENSACION POR VACACIONES NO GOZADAS POR CESACION DE FUNCIONES,7107,budget,
710710,710710,POR COMPRA DE RENUNCIA,7107,budget,
710799,710799,OTRAS INDEMNIZACIONES LABORALES,7107,budget,
7199,7199,ASIGNACIONES A DISTRIBUIR,71,view,
719901,719901,ASIGNACION A DISTRIBUIR PARA GASTOS EN PERSONAL DE INVERSION,7199,budget,
73,73,BIENES Y SERVICIOS DE CONSUMO PARA INVERSION,7,view,
7301,7301,SERVICIOS BASICOS,73,view,
730101,730101,AGUA POTABLE,7301,budget,
730102,730102,AGUA DE RIEGO,7301,budget,
730104,730104,ENERGIA ELECTRICA,7301,budget,
730105,730105,TELECOMUNICACIONES,7301,budget,
730106,730106,SERVICIO DE CORREO,7301,budget,
7302,7302,SERVICIOS GENERALES,73,view,
730201,730201,TRANSPORTE DE PERSONAL,7302,budget,
730202,730202,FLETES Y MANIOBRAS,7302,budget,
730203,730203,ALMACENAMIENTO,7302,budget,
730204,730204,EDICION,7302,budget,
730205,730205,ESPECTACULOS CULTURALES Y SOCIALES,7302,budget,
730206,730206,EVENTOS PUBLICOS Y OFICIALES,7302,budget,
730207,730207,DIFUSION,7302,budget,
730208,730208,SERVICIO DE VIGILANCIA,7302,budget,
730209,730209,SERVICIOS DE ASEO,7302,budget,
730210,730210,SERVICIO DE GUARDERIA,7302,budget,
730212,730212,INVESTIGACIONES PROFESIONALES Y EXAMENES DE LABORATORIO,7302,budget,
730217,730217,DIFUSION E INFORMACION,7302,budget,
730218,730218,PUBLICIDAD Y PROPAGANDA EN MEDIOS DE COMUNICACION MASIVA,7302,budget,
730219,730219,PUBLICIDAD Y PROPAGANDA USANDO OTROS MEDIOS,7302,budget,
730299,730299,OTROS SERVICIOS,7302,budget,
7303,7303,TRASLADOS,73,view,
730301,730301,PASAJES AL INTERIOR,7303,budget,
730302,730302,PASAJES AL EXTERIOR,7303,budget,
730303,730303,VIATICOS Y SUBSISTENCIAS EN EL INTERIOR,7303,budget,
730304,730304,VIATICOS Y SUBSISTENCIAS EN EL EXTERIOR,7303,budget,
730305,730305,MUDANZAS E INSTALACION,7303,budget,
7304,7304,INSTALACION,73,view,
730401,730401,TERRENOS,7304,budget,
730402,730402,EDIFICIOS,7304,budget,
730403,730403,MOBILIARIOS,7304,budget,
730404,730404,MAQUINARIAS Y EQUIPOS,7304,budget,
730405,730405,VEHICULOS,7304,budget,
730406,730406,HERRAMIENTAS,7304,budget,
730499,730499,OTRAS INSTALACIONES,7304,budget,
7305,7305,ARRENDAMIENTOS DE BIENES,73,view,
730501,730501,TERRENOS,7305,budget,
730502,730502,EDIFICIOS,7305,budget,
730503,730503,MOBILIARIOS,7305,budget,
730504,730504,MAQUINARIAS Y EQUIPOS,7305,budget,
730505,730505,VEHICULOS,7305,budget,
730506,730506,HERRAMIENTAS,7305,budget,
730512,730512,SEMOVIENTES,7305,budget,
730599,730599,OTROS ARRENDAMIENTOS,7305,budget,
7306,7306,CONTRATACIONES DE ESTUDIOS E INVESTIGACIONES,73,view,
730601,730601,CONSULTORIA,7306,budget,
730602,730602,SERVICIO DE AUDITORIA,7306,budget,
730603,730603,SERVICIO DE CAPACITACION,7306,budget,
730604,730604,FISCALIZACION E INSPECCIONES TECNICAS,7306,budget,
730605,730605,ESTUDIO Y DISEÑO DE PROYECTOS,7306,budget,
730606,730606,HONORARIOS POR CONTRATOS CIVILES DE SERVICIOS,7306,budget,
7307,7307,GASTOS EN INFORMATICA,73,view,
730701,730701,DESARROLLO DE SISTEMAS INFORMATICOS,7307,budget,
730702,730702,ARRENDAMIENTO Y LICENCIAS DE USO DE PAQUETES INFORMATICOS,7307,budget,
730703,730703,ARRENDAMIENTO DE EQUIPOS INFORMATICOS,7307,budget,
730704,730704,MANTENIMIENTO Y REPARACION DE EQUIPOS Y SISTEMAS INFORMATICOS,7307,budget,
7308,7308,BIENES DE USO Y CONSUMO DE INVERSION,73,view,
730801,730801,ALIMENTOS Y BEBIDAS,7308,budget,
730802,730802,VESTUARIO,7308,budget,
730803,730803,COMBUSTIBLES Y LUBRICANTES,7308,budget,
730804,730804,MATERIALES DE OFICINA,7308,budget,
730805,730805,MATERIALES DE ASEO,7308,budget,
730806,730806,HERRAMIENTAS,7308,budget,
730807,730807,MATERIALES DE IMPRESION,7308,budget,
730808,730808,INSTRUMENTAL MEDICO MENOR,7308,budget,
730809,730809,MEDICINAS Y PRODUCTOS FARMACEUTICOS,7308,budget,
730810,730810,MATERIALES PARA LABORATORIO Y USO MEDICO,7308,budget,
730811,730811,MATERIALES DE CONSTRUCCION,7308,budget,
730812,730812,MATERIALES DIDACTICOS,7308,budget,
730813,730813,REPUESTOS Y ACCESORIOS,7308,budget,
730814,730814,SUMINISTROS PARA ACTIVIDADES AGROPECUARIA,7308,budget,
730899,730899,OTROS DE USO Y CONSUMO DE INVERSION,7308,budget,
7309,7309,CREDITO POR IMPUESTO AL VALOR AGREGADO,73,view,
730901,730901,CREDITO FISCAL POR COMPRAS,7309,budget,
7314,7314,BIENES MUEBLES NO DEPRECIABLES,73,view,
731403,731403,MOBILIARIOS,7314,budget,
731404,731404,MAQUINARIAS Y EQUIPOS,7314,budget,
731406,731406,HERRAMIENTAS,7314,budget,
7315,7315,BIENES BIOLOGICOS NO DEPRECIABLES,73,view,
731515,731515,PLANTAS,7315,budget,
7399,7399,ASIGNACIONES A DISTRIBUIR,73,view,
739901,739901,ASIGNACION A DISTRIBUIR PARA BIENES Y SERVICIOS DE INVERSION,7399,budget,
75,75,OBRAS PUBLICAS,7,view,
7501,7501,OBRAS DE INFRAESTRUCTURA,75,view,
750101,750101,DE AGUA POTABLE,7501,budget,
750102,750102,DE RIEGO Y MANEJO DE AGUAS,7501,budget,
750103,750103,DE ALCANTARILLADO,7501,budget,
750104,750104,DE URBANIZACION Y EMBELLECIMIENTO,7501,budget,
750105,750105,OBRAS PUBLICAS DE TRANSPORTE Y VIAS,7501,budget,
750106,750106,OBRAS PUBLICAS PARA TELECOMUNICACIONES,7501,budget,
750107,750107,CONSTRUCCIONES Y EDIFICACIONES,7501,budget,
750108,750108,HOSPITALES Y CENTROS DE ASISTENCIA SOCIAL Y SALUD,7501,budget,
750109,750109,CONSTRUCCIONES AGROPECUARIAS,7501,budget,
750110,750110,PLANTAS INDUSTRIALES,7501,budget,
750111,750111,HABILITAMIENTO Y PROTECCION DEL SUELO,7501,budget,
750112,750112,FORMACION DE PLANTACIONES,7501,budget,
750113,750113,EXPLOTACION DE AGUAS SUBTERRANEAS,7501,budget,
750199,750199,OTRAS OBRAS DE INFRAESTRUCTURA,7501,budget,
7502,7502,OBRAS PARA GENERACION DE ENERGIA,75,view,
750201,750201,OBRAS PARA GENERACION ELECTRICA HIDRAULICA,7502,budget,
750202,750202,OBRAS PARA GENERACION ELECTRICA TERMICA,7502,budget,
750299,750299,OTROS SISTEMAS DE GENERACION DE ENERGIA,7502,budget,
7503,7503,OBRAS EN HIDROCARBUROS Y MINAS,75,view,
750301,750301,EN OBRAS DE EXTRACCION,7503,budget,
750302,750302,EN OBRAS DE REFINACION,7503,budget,
750303,750303,EN OBRAS DE ALMACENAMIENTO,7503,budget,
750304,750304,EN OBRAS DE COMERCIALIZACION,7503,budget,
750305,750305,EN OBRAS DE TRANSPORTE DE MATERIAS PRIMAS Y DERIVADOS,7503,budget,
750399,750399,OTRAS OBRAS PARA EL SECTOR HIDROCARBURIFERO Y MINERO,7503,budget,
7504,7504,OBRAS EN LINEAS,75,view,
750401,750401,LINEAS,7504,budget,
750402,750402,LINEAS,7504,budget,
750499,750499,OTRAS OBRAS ELECTRICAS Y DE TELECOMUNICACIONES,7504,budget,
7505,7505,MANTENIMIENTO Y REPARACIONES,75,view,
750501,750501,EN OBRAS DE INFRAESTRUCTURA,7505,budget,
750502,750502,EN OBRAS PARA GENERACION DE ENERGIA,7505,budget,
750503,750503,EN OBRAS DE HIDROCARBUROS Y MINAS,7505,budget,
750504,750504,EN OBRAS DE LINEAS,7505,budget,
750599,750599,OTROS MANTENIMIENTOS Y REPARACIONES DE OBRAS,7505,budget,
7599,7599,ASIGNACIONES A DISTRIBUIR,75,view,
759901,759901,ASIGNACION A DISTRIBUIR PARA OBRAS PUBLICAS,7599,budget,
77,77,OTROS GASTOS DE INVERSION,7,view,
7701,7701,11,77,view,
770101,770101,IMPUESTO AL VALOR AGREGADO,7701,budget,
770102,770102,TASAS GENERALES,7701,budget,
770103,770103,TASAS PORTUARIAS,7701,budget,
770104,770104,CONTRIBUCIONES ESPECIALES Y DE MEJORA,7701,budget,
770199,770199,OTROS IMPUESTOS,7701,budget,
7702,7702,SEGUROS,77,view,
770201,770201,SEGUROS,7702,budget,
770203,770203,COMISIONES BANCARIAS,7702,budget,
770204,770204,REAJUSTES DE INVERSIONES,7702,budget,
770205,770205,DIFERENCIAL CAMBIARIO,7702,budget,
770206,770206,COSTAS JUDICIALES,7702,budget,
770213,770213,DEVOLUCION DE GARANTIAS,7702,budget,
770299,770299,OTROS GASTOS FINANCIEROS,7702,budget,
7799,7799,ASIGNACIONES A DISTRIBUIR,77,view,
779901,779901,ASIGNACION SUJETA A DISTRIBUCION PARA INVERSION,7799,budget,
78,78,TRANSFERENCIAS PARA INVERSION,7,view,
7801,7801,TRANSFERENCIAS PARA INVERSION AL SECTOR PUBLICO,78,view,
780101,780101,AL GOBIERNO CENTRAL,7801,budget,
780102,780102,A ENTIDADES DESCENTRALIZADAS Y AUTONOMAS,7801,budget,
780103,780103,A EMPRESAS PUBLICAS,7801,budget,
780104,780104,A GOBIERNOS AUTONOMOS DESCENTRALIZADOS,7801,budget,
780105,780105,A LA SEGURIDAD SOCIAL,7801,budget,
780106,780106,A ENTIDADES FINANCIERAS PUBLICAS,7801,budget,
780108,780108,A ENTIDADES DEL GOBIERNO SECCIONAL,7801,budget,
7802,7802,TRANSFERENCIAS DE INVERSION AL SECTOR PRIVADO INTERNO,78,view,
780203,780203,AL SECTOR PRIVADO FINANCIERO,7802,budget,
780204,780204,AL SECTOR PRIVADO NO FINANCIERO,7802,budget,
780206,780206,BECAS,7802,budget,
7899,7899,ASIGNACIONES A DISTRIBUIR,78,view,
789901,789901,ASIGNACION A DISTRIBUIR PARA TRANSFERENCIA Y DONACIONES DE INVERS,7899,budget,
8,8,GASTOS DE CAPITAL,0,view,
84,84,ACTIVOS DE LARGA DURACION,8,view,
8401,8401,BIENES MUEBLES,84,view,
840103,840103,MOBILIARIOS,8401,budget,
840104,840104,MAQUINARIAS Y EQUIPOS,8401,budget,
840105,840105,VEHICULOS,8401,budget,
840106,840106,HERRAMIENTAS,8401,budget,
840107,840107,EQUIPOS,8401,budget,
840108,840108,BIENES ARTISTICOS Y CULTURALES,8401,budget,
840109,840109,LIBROS Y COLECCIONES,8401,budget,
840110,840110,PERTRECHOS PARA LA DEFENSA Y SEGURIDAD PUBLICA,8401,budget,
840111,840111,PARTES Y REPUESTOS,8401,budget,
8402,8402,BIENES INMUEBLES Y SEMOVIENTES,84,view,
840201,840201,TERRENOS,8402,budget,
840202,840202,EDIFICIOS,8402,budget,
840212,840212,SEMOVIENTES,8402,budget,
840213,840213,BOSQUES,8402,budget,
840299,840299,OTROS BIENES INMUEBLES,8402,budget,
8403,8403,EXPROPIACIONES DE BIENES,84,view,
840301,840301,TERRENOS,8403,budget,
840302,840302,EDIFICIOS,8403,budget,
840399,840399,OTRAS EXPROPIACIONES DE BIENES,8403,budget,
8404,8404,INTANGIBLES,84,view,
840401,840401,INTANGIBLES,8404,budget,
8409,8409,CREDITOS POR IMPUESTO AL VALOR AGREGADO,84,view,
840901,840901,CREDITO FISCAL POR COMPRAS,8409,budget,
8499,8499,ASIGNACIONES A DISTRIBUIR,84,view,
849901,849901,ASIGNACION A DISTRIBUIR PARA BIENES DE LARGA DURACION,8499,budget,
85,85,APORTE FISCAL DE CAPITAL,8,view,
8501,8501,APORTE FISCAL DE CAPITAL,85,view,
850101,850101,AL GOBIERNO CENTRAL,8501,budget,
87,87,INVERSIONES FINANCIERAS,8,view,
8701,8701,INVERSIONES EN TITULOS Y VALORES,87,view,
870101,870101,CERTIFICADOS DEL TESORO NACIONAL,8701,budget,
870102,870102,BONOS DEL ESTADO,8701,budget,
870103,870103,DEPOSITOS A PLAZO,8701,budget,
870104,870104,COMPRA DE ACCIONES Y PARTICIPACIONES DE CAPITAL,8701,budget,
870107,870107,PARTICIPACIONES FIDUCIARIAS,8701,budget,
870199,870199,OTRAS INVERSIONES,8701,budget,
8702,8702,CONCESION DE PRESTAMOS,87,view,
870201,870201,AL GOBIERNO CENTRAL,8702,budget,
870202,870202,A ENTIDADES DESCENTRALIZADAS Y AUTONOMAS,8702,budget,
870203,870203,A EMPRESAS PUBLICAS,8702,budget,
870204,870204,A ENTIDADES DEL GOBIERNO SECCIONAL,8702,budget,
870205,870205,A SEGURIDAD SOCIAL,8702,budget,
870206,870206,A ENTIDADES FINANCIERAS PUBLICAS,8702,budget,
870207,870207,AL SECTOR PRIVADO,8702,budget,
8703,8703,INVERSIONES PERMANENTES EN TITULOS Y VALORES,87,view,
870304,870304,COMPRA DE ACCIONES,8703,budget,
870309,870309,APORTES PARA FUTURAS CAPITALIZACIONES,8703,budget,
870399,870399,OTROS VALORES,8703,budget,
8799,8799,ASIGNACIONES A DISTRIBUIR,87,view,
879901,879901,ASIGNACION A DISTRIBUIR PARA INVERSIONES FINANCIERAS,8799,budget,
88,88,TRANSFERENCIAS DE CAPITAL,8,view,
8801,8801,TRANSFERENCIAS DE CAPITAL AL SECTOR PUBLICO,88,view,
880101,880101,AL GOBIERNO CENTRAL,8801,budget,
880102,880102,A ENTIDADES DESCENTRALIZADAS Y AUTONOMAS,8801,budget,
880103,880103,A EMPRESAS PUBLICAS,8801,budget,
880104,880104,A ENTIDADES DEL GOBIERNO SECCIONAL,8801,budget,
880105,880105,A LA SEGURIDAD SOCIAL,8801,budget,
880106,880106,A ENTIDADES FINANCIERAS PUBLICAS,8801,budget,
880108,880108,A FONDOS Y CUENTAS ESPECIALES,8801,budget,
880110,880110,AL FONDO DE CONTINGENCIAS,8801,budget,
8802,8802,TRANSFERENCIAS DE CAPITAL AL SECTOR PRIVADO INTERNO,88,view,
880203,880203,AL SECTOR PRIVADO FINANCIERO,8802,budget,
880204,880204,AL SECTOR PRIVADO NO FINANCIERO,8802,budget,
8804,8804,APORTES Y PARTICIPACIONES AL SECTOR PUBLICO,88,view,
880401,880401,POR EXPORTACION HIDROCARBUROS Y DERIVADOS,8804,budget,
880402,880402,POR APLICACION DEL FONDO DE INVERSION PETROLERA,8804,budget,
880408,880408,POR APLICACION DE CUENTAS Y FONDOS ESPECIALES,8804,budget,
880499,880499,POR OTRAS PARTICIPACIONES Y APORTES,8804,budget,
8899,8899,ASIGNACIONES A DISTRIBUIR,88,view,
889901,889901,ASIGNACION A DISTRIBUIR PARA TRANSFERENCIAS Y DONACIONES DE CAPIT,8899,budget,
9,9,APLICACION DEL FINANCIAMIENTO,0,view,
96,96,AMORTIZACION DE LA DEUDA PUBLICA,9,view,
9601,9601,AMORTIZACION DE TITULOS Y VALORES,96,view,
960101,960101,CERTIFICADOS DEL TESORO NACIONAL,9601,budget,
960102,960102,BONOS DEL ESTADO,9601,budget,
960199,960199,OTROS TITULOS Y VALORES,9601,budget,
9602,9602,AMORTIZACION DEUDA INTERNA,96,view,
960201,960201,AL SECTOR PUBLICO FINANCIERO,9602,budget,
960202,960202,AL SECTOR PUBLICO NO FINANCIERO,9602,budget,
960203,960203,AL SECTOR PRIVADO FINANCIERO,9602,budget,
960204,960204,AL SECTOR PRIVADO NO FINANCIERO,9602,budget,
960205,960205,A LA SEGURIDAD SOCIAL,9602,budget,
9603,9603,AMORTIZACION DEUDA EXTERNA,96,view,
960301,960301,A ORGANISMOS MULTILATERALES,9603,budget,
960302,960302,A GOBIERNOS Y ORGANISMOS GUBERNAMENTALES,9603,budget,
960303,960303,AL SECTOR PRIVADO FINANCIERO,9603,budget,
960304,960304,AL SECTOR PRIVADO NO FINANCIERO,9603,budget,
9699,9699,ASIGNACIONES A DISTRIBUIR,96,view,
969901,969901,ASIGNACION A DISTRIBUIR PARA AMORTIZACION DE LA DEUDA PUBLICA,9699,budget,
97,97,PASIVO CIRCULANTE,9,view,
9701,9701,DEUDA FLOTANTE,97,view,
970101,970101,DE CUENTAS POR PAGAR,9701,budget,
970102,970102,DEPOSITO DE TERCEROS,9701,budget,
